{"_wandb":{"runtime":73},"batch/step":608,"_runtime":72.084581,"training/epoch":10,"training/scalar_curvature":0,"dataset_visualization":{"width":1000,"height":800,"_type":"image-file","sha256":"c70f4032f1a56060307debf2fbda2b6ef713ec17f1ea5acfd9cdae09e1d12df2","size":286328,"path":"media/images/dataset_visualization_0_c70f4032f1a56060307d.png","format":"png"},"training/loss":0.3154147886462128,"training/metric_determinant":-1,"batch/loss":0.5023018717765808,"training/metric_heatmap":{"height":600,"_type":"image-file","sha256":"418607181ed003f127367af5bfe6bcd6d183e23fba41a32a9d2fd7cefb3d0c55","size":20258,"path":"media/images/training/metric_heatmap_208_418607181ed003f12736.png","format":"png","width":800},"epoch/epoch_num":9,"epoch/loss":0.30578524252725026,"_step":208,"training/step":610,"_timestamp":1.7423511708639061e+09}