{"metric_determinant":-0.0118194497949381,"metric_1_2":0.05964421547493024,"loss":0.36508386037975743,"metric_0_0":-0.3252963415009651,"metric_2_1":0.059644215474930234,"metric_trace":0.41950417909329907,"metric_2_2":0.26464025394027874,"_runtime":76.72768,"metric_1_1":0.2156660738283148,"metric_3_2":0.004514748354465852,"curvature_strength":2.3000000000000003,"metric_3_3":0.2644941928256706,"_timestamp":1.742268785202467e+09,"_wandb":{"runtime":76},"epoch":23,"metric_2_3":0.004514748354465887,"_step":190,"min_eigenvalue":-0.5015477879156076,"metric_1_0":-0.17859998163130564,"metric_0_2":-0.17523446660333974,"metric_0_1":-0.17859998163130564,"metric_heatmap":{"sha256":"b79f8e0369ac4f23de6647e2bb2d1932555e0c0bc96947d233ad6b97853fa3bb","size":21306,"path":"media/images/metric_heatmap_190_b79f8e0369ac4f23de66.png","format":"png","width":800,"height":600,"_type":"image-file"},"metric_3_0":-0.25802483620676187,"metric_3_1":-0.06791772486981557,"metric_0_3":-0.25802483620676187,"metric_2_0":-0.17523446660333974,"max_eigenvalue":0.4225940661403456,"training_completed":false,"metric_1_3":-0.06791772486981555,"step":190}