{"step":950,"_wandb":{"runtime":15},"metric_determinant":1.3296916650825064,"metric_visualization":{"path":"media/images/metric_visualization_39_c4f98e7101e0dc5ea04b.png","format":"png","width":800,"height":600,"_type":"image-file","sha256":"c4f98e7101e0dc5ea04b891e9f3e81bcb110a5409b65ca605f9ba98d3dfbd163","size":18039},"_runtime":15.257035,"metric_condition_number":2.5418548951387905,"_timestamp":1.742326867519988e+09,"epoch":95,"_step":39,"loss":0.05789736836660395}