{"metric_3_2":-0.21760068867254143,"max_eigenvalue":0.3466538934257446,"metric_1_1":0.058795054002460934,"epoch":29,"metric_0_0":-0.016767118307016445,"metric_heatmap":{"width":800,"height":600,"_type":"image-file","sha256":"648b5b96a41dde865df34592109fa0eaf5f8fde4349275df09ba77433a0286b3","size":23083,"path":"media/images/metric_heatmap_239_648b5b96a41dde865df3.png","format":"png"},"metric_3_1":-0.26636736352375034,"metric_trace":0.12557495943082064,"metric_2_3":-0.2176006886725414,"metric_1_3":-0.26636736352375034,"final_metric_determinant":-0.012157094911245338,"metric_0_3":-0.28056123237469216,"metric_2_2":0.010006208199460295,"metric_1_2":-0.1452729766101682,"loss":0.24730644260076434,"step":239,"metric_0_2":-0.2805070480583504,"final_loss":0.1,"_step":239,"_runtime":87.689695,"metric_2_1":-0.1452729766101682,"metric_2_0":-0.28050704805835047,"metric_determinant":-0.012210292069893222,"_timestamp":1.74227179939472e+09,"metric_3_0":-0.2805612323746922,"curvature_strength":2.9,"metric_1_0":-0.244432791584524,"metric_0_1":-0.24443279158452394,"training_completed":true,"_wandb":{"runtime":87},"min_eigenvalue":-0.6933542849635121,"metric_3_3":0.07354081553591586}